<?xml version="1.0" encoding="UTF-8"?>
<project-private xmlns="http://www.netbeans.org/ns/project-private/1">
    <editor-bookmarks xmlns="http://www.netbeans.org/ns/editor-bookmarks/2" lastBookmarkId="0"/>
    <open-files xmlns="http://www.netbeans.org/ns/projectui-open-files/2">
        <group>
            <file>file:/C:/Users/MASTER/Desktop/Ventas_Final-master/Ventas_Final-master/interfaz%20JEAN/src/ventanas/Ventas.java</file>
            <file>file:/C:/Users/MASTER/Desktop/Ventas_Final-master/Ventas_Final-master/interfaz%20JEAN/src/ventanas/Horarios.java</file>
            <file>file:/C:/Users/MASTER/Desktop/Ventas_Final-master/Ventas_Final-master/interfaz%20JEAN/src/ventanas/Citas.java</file>
            <file>file:/C:/Users/MASTER/Desktop/Ventas_Final-master/Ventas_Final-master/interfaz%20JEAN/src/Logico/LCitas.java</file>
        </group>
    </open-files>
</project-private>
